[
  {
    "model": "auth.user",
    "pk": 1,
    "fields": {
      "username": "admin",
      "password": "pbkdf2_sha256$100000$e6c1RPYE5TMr$kyK4AZf20b03DI8c+ieZhBhwhLxP03cHFjq70KfObfY=",
      "is_superuser":1,
      "is_staff":1,
      "email":"capsulefy.communications@gmail.com",
      "first_name":"admin",
      "last_name":"capsulefy"
    }
  },
  {
    "model": "auth.user",
    "pk": 2,
    "fields": {
      "username": "user1",
      "password": "pbkdf2_sha256$100000$qegjuYpok2Od$EcSF0h9IgPrpTlE7O/pvVxactRiNZstxkLCVOxMmjfE=",
      "email":"user1@test.com",
      "first_name":"user",
      "last_name":"one"
    }
  },
  {
    "model": "auth.user",
    "pk": 3,
    "fields": {
      "username": "user2",
      "password": "pbkdf2_sha256$100000$G4UpT8GpHUIt$Ka4KzrHrsRVAegcS4V3o8nvzh4tn44O/tnmqXRv/5X8=",
      "email":"user2@test.com",
      "first_name":"user",
      "last_name":"two"
    }
  },
  {
    "model": "auth.user",
    "pk": 4,
    "fields": {
      "username": "user3",
      "password": "pbkdf2_sha256$100000$Of1oBzIe8aUU$Wf3W0Th578FdGDsnRUKeuMzgoSW7h8BuTCnj5XH3VPc=",
      "email":"user3@test.com",
      "first_name":"user",
      "last_name":"three"
    }
  },
  {
    "model": "auth.user",
    "pk": 5,
    "fields": {
      "username": "user4",
      "password": "pbkdf2_sha256$100000$ZW5Wed7pZfP0$9dmHQZDb2uCx8vubddYXIKfZM7tw7v7A6+1iyysqP1Q=",
      "email":"user4@test.com",
      "first_name":"user",
      "last_name":"four"
    }
  },
  {
    "model": "auth.user",
    "pk": 6,
    "fields": {
      "username": "user5",
      "password": "pbkdf2_sha256$100000$n2OQNbQWXpUS$jYtQ7jkqAE8FUo93BjMLPm1KVWe/9gU5goIOTcI8yHE=",
      "email":"user5@test.com",
      "first_name":"user",
      "last_name":"five"
    }
  },
  {
    "model": "auth.user",
    "pk": 7,
    "fields": {
      "username": "user6",
      "password": "pbkdf2_sha256$100000$O3GcPTwy7Cah$RiwF0BWSbFepNaHuwFclMy/EAq/5th4uGQVrfAUxLuE=",
      "email":"user6@test.com",
      "first_name":"user",
      "last_name":"six"
    }
  },
  {
    "model": "auth.user",
    "pk": 8,
    "fields": {
      "username": "user7",
      "password": "pbkdf2_sha256$100000$fMiTMsOxPZs4$Sk1KW/O1t89cxUvHZR0iEETmCAWVeBseCl+1szknzKM=",
      "email":"user7@test.com",
      "first_name":"user",
      "last_name":"seven"
    }
  },
  {
    "model": "main.admin",
    "pk": 1,
    "fields": {
      "birthdate":"2001-01-01"
    }
  },
  {
    "model": "main.user",
    "pk": 2,
    "fields": {
      "birthdate":"2001-01-01",
      "email_notification":"user2@test.com"
    }
  },
  {
    "model": "main.user",
    "pk": 3,
    "fields": {
      "birthdate":"2001-01-01",
      "email_notification":"user3notif@test.com"
    }
  },
  {
    "model": "main.user",
    "pk": 4,
    "fields": {
      "birthdate":"2001-01-01",
      "email_notification":"user4notif@test.com"
    }
  },
  {
    "model": "main.user",
    "pk": 5,
    "fields": {
      "birthdate":"2001-01-01",
      "email_notification":"user5notif@test.com"
    }
  },
  {
    "model": "main.user",
    "pk": 6,
    "fields": {
      "birthdate":"2001-01-01",
      "email_notification":""
    }
  },
  {
    "model": "main.user",
    "pk": 7,
    "fields": {
      "birthdate":"2001-01-01"
    }
  },
  {
    "model": "main.user",
    "pk": 8,
    "fields": {
      "birthdate":"2001-01-01"
    }
  },
  {
    "model": "main.social_network",
    "pk": 1,
    "fields": {
      "social_type":"F",
      "user_id":2,
      "token":"142154"
    }
  },
  {
    "model": "main.social_network",
    "pk": 2,
    "fields": {
      "social_type":"T",
      "user_id":2,
      "token":"204746"
    }
  },
  {
    "model": "main.social_network",
    "pk": 3,
    "fields": {
      "social_type":"F",
      "user_id":3,
      "token":"219077"
    }
  },
  {
    "model": "main.social_network",
    "pk": 4,
    "fields": {
      "social_type":"T",
      "user_id":3,
      "token":"152889"
    }
  },
  {
    "model": "main.social_network",
    "pk": 5,
    "fields": {
      "social_type":"F",
      "user_id":4,
      "token":"187003"
    }
  },
  {
    "model": "main.social_network",
    "pk": 6,
    "fields": {
      "social_type":"T",
      "user_id":4,
      "token":"130901"
    }
  },
  {
    "model": "main.social_network",
    "pk": 7,
    "fields": {
      "social_type":"F",
      "user_id":5,
      "token":"139808"
    }
  },
  {
    "model": "main.social_network",
    "pk": 8,
    "fields": {
      "social_type":"T",
      "user_id":6,
      "token":"258212"
    }
  },
  {
    "model": "main.capsule",
    "pk": 1,
    "fields": {
      "creation_date":"2019-02-20",
      "title":"capsule1",
      "emails":"email1@test,email2@test",
      "capsule_type":"F",
      "private":"False",
      "price":0,
      "dead_man_switch":"False",
      "dead_man_counter":0,
      "twitter":"False",
      "facebook":"False",
      "creator_id":2
    }
  },
  {
    "model": "main.capsule",
    "pk": 2,
    "fields": {
      "creation_date":"2019-01-20",
      "title":"capsule2",
      "emails":"email1@test",
      "capsule_type":"F",
      "private":"False",
      "price":0,
      "dead_man_switch":"False",
      "dead_man_counter":0,
      "twitter":"True",
      "facebook":"True",
      "creator_id":2
    }
  },
  {
    "model": "main.capsule",
    "pk": 3,
    "fields": {
      "creation_date":"2019-02-10",
      "title":"capsule3",
      "capsule_type":"F",
      "private":"False",
      "price":0,
      "dead_man_switch":"False",
      "dead_man_counter":0,
      "twitter":"False",
      "facebook":"False",
      "creator_id":3
    }
  },
  {
    "model": "main.capsule",
    "pk": 4,
    "fields": {
      "creation_date":"2019-02-20",
      "title":"capsule4",
      "emails":"email1@test",
      "capsule_type":"F",
      "private":"False",
      "price":0,
      "dead_man_switch":"False",
      "dead_man_counter":0,
      "twitter":"False",
      "facebook":"False",
      "creator_id":4
    }
  },
  {
    "model": "main.capsule",
    "pk": 5,
    "fields": {
      "creation_date":"2019-02-20",
      "title":"capsule5",
      "emails":"email1@test,email2@test",
      "capsule_type":"P",
      "private":"False",
      "price":11.99,
      "dead_man_switch":"False",
      "dead_man_counter":0,
      "twitter":"True",
      "facebook":"False",
      "creator_id":6,
      "credit_card_id":1
    }
  },
  {
    "model": "main.capsule",
    "pk": 6,
    "fields": {
      "creation_date":"2019-01-27",
      "title":"capsule6",
      "emails":"email1@test,email2@test",
      "capsule_type":"P",
      "private":"True",
      "price":11.99,
      "dead_man_switch":"False",
      "dead_man_counter":0,
      "twitter":"False",
      "facebook":"False",
      "creator_id":7,
      "credit_card_id":2
    }
  },
  {
    "model": "main.capsule",
    "pk": 7,
    "fields": {
      "creation_date":"2019-03-05",
      "title":"capsule7",
      "capsule_type":"P",
      "private":"False",
      "price":11.99,
      "dead_man_switch":"True",
      "dead_man_counter":31536000,
      "twitter":"True",
      "facebook":"True",
      "creator_id":3,
      "credit_card_id":3
    }
  },
  {
    "model": "main.capsule",
    "pk": 8,
    "fields": {
      "creation_date":"2018-12-20",
      "title":"capsule8",
      "emails":"email1@test",
      "capsule_type":"P",
      "private":"True",
      "price":11.99,
      "dead_man_switch":"True",
      "dead_man_counter":31536000,
      "twitter":"False",
      "facebook":"False",
      "creator_id":8,
      "credit_card_id":4
    }
  },
  {
    "model": "main.capsule",
    "pk": 9,
    "fields": {
      "creation_date":"2019-02-16",
      "title":"capsule9",
      "emails":"email1@test",
      "capsule_type":"M",
      "private":"False",
      "price":11.99,
      "dead_man_switch":"True",
      "dead_man_counter":31536000,
      "twitter":"False",
      "facebook":"True",
      "creator_id":4,
      "credit_card_id":5
    }
  },
  {
    "model": "main.capsule",
    "pk": 10,
    "fields": {
      "creation_date":"2019-02-20",
      "title":"capsule10",
      "capsule_type":"M",
      "private":"False",
      "price":11.99,
      "dead_man_switch":"False",
      "dead_man_counter":0,
      "twitter":"False",
      "facebook":"False",
      "creator_id":8,
      "credit_card_id":4
    }
  },
  {
    "model": "main.module",
    "pk": 1,
    "fields": {
      "description":"This is capsule 1",
      "release_date":"2019-03-18",
      "capsule_id":1
    }
  },
  {
    "model": "main.module",
    "pk": 2,
    "fields": {
      "description":"This is capsule 2",
      "release_date":"2020-03-18",
      "capsule_id":2
    }
  },
  {
    "model": "main.module",
    "pk": 3,
    "fields": {
      "description":"This is capsule 3",
      "release_date":"2019-03-15",
      "capsule_id":3
    }
  },
  {
    "model": "main.module",
    "pk": 4,
    "fields": {
      "description":"This is capsule 4",
      "release_date":"2019-02-28",
      "capsule_id":4
    }
  },
  {
    "model": "main.module",
    "pk": 5,
    "fields": {
      "description":"This is capsule 5",
      "release_date":"2019-03-18",
      "capsule_id":5
    }
  },
  {
    "model": "main.module",
    "pk": 6,
    "fields": {
      "description":"This is capsule 6",
      "release_date":"2019-03-15",
      "capsule_id":6
    }
  },
  {
    "model": "main.module",
    "pk": 7,
    "fields": {
      "description":"This is capsule 7",
      "release_date":"2029-09-08",
      "capsule_id":7
    }
  },
  {
    "model": "main.module",
    "pk": 8,
    "fields": {
      "description":"This is capsule 8",
      "release_date":"2015-04-18",
      "capsule_id":8
    }
  },
  {
    "model": "main.module",
    "pk": 9,
    "fields": {
      "description":"This is capsule 9 module 1",
      "release_date":"2019-03-15",
      "capsule_id":9
    }
  },
  {
    "model": "main.module",
    "pk": 10,
    "fields": {
      "description":"This is capsule 9 module 2",
      "release_date":"2025-04-20",
      "capsule_id":9
    }
  },
  {
    "model": "main.module",
    "pk": 11,
    "fields": {
      "description":"This is capsule 10",
      "release_date":"2019-03-15",
      "capsule_id":10
    }
  }
  ,
  {
    "model": "main.file",
    "pk": 1,
    "fields": {
      "url":"https://images.pexels.com/photos/1029604/pexels-photo-1029604.jpeg",
      "size":4177.92,
      "type":"I",
      "module_id":1,
      "local_name":"file1",
      "remote_name":"file1"
    }
  }
  ,
  {
    "model": "main.file",
    "pk": 2,
    "fields": {
      "url":"https://images.pexels.com/photos/1207918/pexels-photo-1207918.jpeg",
      "size":8151.04,
      "type":"I",
      "module_id":1,
      "local_name":"file2",
      "remote_name":"file2"
    }
  },
  {
    "model": "main.file",
    "pk": 3,
    "fields": {
      "url":"https://images.pexels.com/photos/849835/pexels-photo-849835.jpeg",
      "size":676,
      "type":"I",
      "module_id":3,
      "local_name":"file3",
      "remote_name":"file3"
    }
  },
  {
    "model": "main.file",
    "pk": 4,
    "fields": {
      "url":"https://images.pexels.com/photos/1352196/pexels-photo-1352196.jpeg",
      "size":106,
      "type":"I",
      "module_id":5,
      "local_name":"file4",
      "remote_name":"file4"
    }
  },
  {
    "model": "main.file",
    "pk": 5,
    "fields": {
      "url":"https://images.pexels.com/photos/955463/pexels-photo-955463.jpeg",
      "size":3123.2,
      "type":"I",
      "module_id":5,
      "local_name":"file5",
      "remote_name":"file5"
    }
  },
  {
    "model": "main.file",
    "pk": 6,
    "fields": {
      "url":"https://www.youtube.com/watch?v=T5o_0BoTvWg",
      "size":33.28,
      "type":"F",
      "module_id":5,
      "local_name":"file6",
      "remote_name":"file6"
    }
  },
  {
    "model": "main.file",
    "pk": 7,
    "fields": {
      "url":"https://www.youtube.com/watch?v=YFFUVLsPi6A",
      "size":15.11,
      "type":"F",
      "module_id":9,
      "local_name":"file7",
      "remote_name":"file7"
    }
  },
  {
    "model": "main.file",
    "pk": 8,
    "fields": {
      "url":"https://images.pexels.com/photos/16598/pexels-photo.jpg",
      "size":6348.8,
      "type":"I",
      "module_id":10,
      "local_name":"file8",
      "remote_name":"file8"
    }
  },
  {
    "model": "main.credit_card",
    "pk": 1,
    "fields": {
      "holder_name":"holderone",
      "brand_name":"Visa",
      "number":"4532141227142594",
      "expiration_month":9,
      "expiration_year":2022,
      "cvv":350
    }
  },
  {
    "model": "main.credit_card",
    "pk": 2,
    "fields": {
      "holder_name":"holdertwo",
      "brand_name":"MasterCard",
      "number":"5585772338232057",
      "expiration_month":5,
      "expiration_year":2023,
      "cvv":688
    }
  },
  {
    "model": "main.credit_card",
    "pk": 3,
    "fields": {
      "holder_name":"holderthree",
      "brand_name":"VISA",
      "number":"4716372972806483",
      "expiration_month":8,
      "expiration_year":2022,
      "cvv":521
    }
  },
  {
    "model": "main.credit_card",
    "pk": 4,
    "fields": {
      "holder_name":"holderfour",
      "brand_name":"MasterCard",
      "number":"5489125482785742",
      "expiration_month":5,
      "expiration_year":2022,
      "cvv":191
    }
  },
  {
    "model": "main.credit_card",
    "pk": 5,
    "fields": {
      "holder_name":"holderfive",
      "brand_name":"VISA",
      "number":"4929046786851058",
      "expiration_month":9,
      "expiration_year":2020,
      "cvv":660
    }
  }
]